<wpml-config>
	<custom-fields>
		<custom-field action="copy">motta_hide_header_section</custom-field>
		<custom-field action="copy">motta_hide_topbar</custom-field>
		<custom-field action="copy">motta_hide_campain_bar</custom-field>
		<custom-field action="copy">motta_hide_header_border</custom-field>
		<custom-field action="copy">header_layout</custom-field>
		<custom-field action="copy">motta_header_background</custom-field>
		<custom-field action="copy">motta_header_text_color</custom-field>
		<custom-field action="copy">motta_header_text_color</custom-field>
		<custom-field action="copy">header_category_menu_display</custom-field>
		<custom-field action="copy">header_logo_type</custom-field>
		<custom-field action="copy">header_logo_image</custom-field>
		<custom-field action="copy">header_logo_text</custom-field>
		<custom-field action="copy">header_logo_svg</custom-field>
		<custom-field action="copy">header_logo_width</custom-field>
		<custom-field action="copy">header_logo_height</custom-field>
		<custom-field action="copy">motta_hide_page_header</custom-field>
		<custom-field action="copy">motta_hide_title</custom-field>
		<custom-field action="copy">motta_hide_breadcrumb</custom-field>
		<custom-field action="copy">motta_content_top_spacing</custom-field>
		<custom-field action="copy">motta_content_top_padding</custom-field>
		<custom-field action="copy">motta_content_bottom_spacing</custom-field>
		<custom-field action="copy">motta_content_bottom_padding</custom-field>
		<custom-field action="copy">motta_hide_footer_section</custom-field>
		<custom-field action="copy">footer_layout</custom-field>
		<custom-field action="copy">footer_mobile_layout</custom-field>
		<custom-field action="copy">motta_hide_navigation_bar</custom-field>
		<custom-field action="copy">image</custom-field>
		<custom-field action="copy">images</custom-field>
		<custom-field action="copy">video</custom-field>
		<custom-field action="copy">product_360_view</custom-field>
		<custom-field action="copy">video_url</custom-field>
		<custom-field action="copy">motta_page_header_bg_id</custom-field>
		<custom-field action="copy">motta_page_header_background_overlay</custom-field>
		<custom-field action="copy">motta_page_header_background_overlay_opacity</custom-field>
		<custom-field action="copy">motta_page_header_textcolor</custom-field>
		<custom-field action="copy">motta_page_header_textcolor_custom</custom-field>
		<custom-field action="copy">motta_shop_header_template</custom-field>
		<custom-field action="copy">_is_new</custom-field>
		<custom-field action="copy">motta_product_attribute</custom-field>
		<custom-field action="copy">motta_product_attribute_number</custom-field>
		<custom-field action="copy">motta_pbt_product_ids</custom-field>
		<custom-field action="copy">motta_pbt_discount_all</custom-field>
		<custom-field action="copy">motta_pbt_checked_all</custom-field>
		<custom-field action="copy">motta_pbt_quantity_discount_all</custom-field>
	</custom-fields>

	<admin-texts>
		<key name="theme_mods_motta">
			<key name="logo_text" />
			<key name="logo_text_blog" />
			<key name="logo_text_sign_in" />
			<key name="header_page_logo_text" />
			<key name="header_return_the_shop" />
			<key name="header_help_center_logo_text" />
			<key name="header_search_product_cats" />
			<key name="header_search_post_cats" />
			<key name="header_view_history_link" />
			<key name="blog_trending_tag" />
			<key name="blog_featured_tag" />
			<key name="blog_featured_link_url" />
			<key name="post_sharing_whatsapp_number" />
			<key name="badges_sale_text" />
			<key name="badges_new_text" />
			<key name="badges_featured_text" />
			<key name="badges_soldout_text" />
			<key name="product_sharing_whatsapp_number" />
		</key>
	</admin-texts>
</wpml-config>